{
  "timestamp": "20250801_000752",
  "system_info": {
    "cpu_count": 8,
    "memory_total": 15.933616638183594,
    "platform": "Windows-10-10.0.19045-SP0"
  },
  "test_results": [
    {
      "test_name": "Python API - Simple Code Generation",
      "total_requests": 50,
      "successful_requests": 50,
      "failed_requests": 0,
      "avg_response_time": 0.15193918704986573,
      "min_response_time": 0.015134334564208984,
      "max_response_time": 0.6663060188293457,
      "median_response_time": 0.08680808544158936,
      "percentile_95": 0.440055441856384,
      "percentile_99": 0.5870408868789669,
      "requests_per_second": 22.963580780010936,
      "total_test_time": 2.177360773086548,
      "cpu_usage_avg": 100.0,
      "memory_usage_avg": 77.15,
      "errors": []
    },
    {
      "test_name": "Python API - Complex Code Generation",
      "total_requests": 30,
      "successful_requests": 30,
      "failed_requests": 0,
      "avg_response_time": 0.0749748706817627,
      "min_response_time": 0.009627103805541992,
      "max_response_time": 0.37592506408691406,
      "median_response_time": 0.05037534236907959,
      "percentile_95": 0.2628514409065241,
      "percentile_99": 0.3681380844116211,
      "requests_per_second": 29.54473829725037,
      "total_test_time": 1.015409231185913,
      "cpu_usage_avg": 100.0,
      "memory_usage_avg": 76.8,
      "errors": []
    },
    {
      "test_name": "Quantum Core - Simple Query",
      "total_requests": 50,
      "successful_requests": 50,
      "failed_requests": 0,
      "avg_response_time": 0.07206780910491943,
      "min_response_time": 0.017757415771484375,
      "max_response_time": 0.3549675941467285,
      "median_response_time": 0.0470738410949707,
      "percentile_95": 0.2162271618843073,
      "percentile_99": 0.343005404472351,
      "requests_per_second": 50.17446144717828,
      "total_test_time": 0.9965229034423828,
      "cpu_usage_avg": 100.0,
      "memory_usage_avg": 76.7,
      "errors": []
    },
    {
      "test_name": "Quantum Core - Trading Query",
      "total_requests": 25,
      "successful_requests": 25,
      "failed_requests": 0,
      "avg_response_time": 0.04755246162414551,
      "min_response_time": 0.010571956634521484,
      "max_response_time": 0.36995434761047363,
      "median_response_time": 0.020764827728271484,
      "percentile_95": 0.2530555248260491,
      "percentile_99": 0.3538065624237059,
      "requests_per_second": 40.08406914220575,
      "total_test_time": 0.6236891746520996,
      "cpu_usage_avg": 100.0,
      "memory_usage_avg": 76.2,
      "errors": []
    }
  ],
  "summary": {
    "total_tests": 4,
    "total_requests": 155,
    "total_successful": 155,
    "overall_success_rate": 100.0,
    "avg_response_time_across_tests": 0.08663358211517334,
    "fastest_test": "Quantum Core - Trading Query",
    "slowest_test": "Python API - Simple Code Generation"
  }
}